,Username,sentiment
0,0137q2KPiMUzIxN,0.5
1,05Swity,0.4000000059604645
2,06Syedaliahsan,0.30000001192092896
3,0708Joseelias,0.10000000149011612
4,0MAR_N0UR,0.0
5,1TommyD1,-0.20000000298023224
6,1andresram,0.30000001192092896
7,1blessedhoss,0.10000000149011612
8,29665342ww,0.30000001192092896
9,2l5OLQCbDRZyw9I,0.30000001192092896
10,3mmar_3li_0,0.30000001192092896
11,3mostafa_,0.30000001192092896
12,4VvG8WfKTwTHraC,0.0
13,4byss007,0.699999988079071
14,63vwrat,0.0
15,656Diag,0.30000001192092896
16,78419Htt,0.10000000149011612
17,7dbf97b3911b451,0.30000001192092896
18,8ntitgrate,0.20000000298023224
19,9bladez,0.10000000149011612
20,AB_rath0d,0.30000001192092896
21,ADX_19,0.10000000149011612
22,AFAQAHM65667383,0.0
23,AFC_A_S,0.0
24,AIA2656,0.20000000298023224
25,ALELE85513828,0.6000000238418579
26,ALEX335500,0.0
27,AMaher64,0.10000000149011612
28,ARANSARI0,0.10000000149011612
29,ATOMOS1istaken,-0.6000000238418579
30,AYOMIDEFADIPE5,0.10000000149011612
31,A___Leader___S,0.30000001192092896
32,Aahadansari2187,0.0
33,AakarshKamboj,-0.20000000298023224
34,AanuvabG,0.0
35,AarnDaniels1,-0.10000000149011612
36,AaronEhMunro,0.0
37,AaronUong,-0.800000011920929
38,AbassJolaiya,0.5
39,AbdulSamad0009,-0.30000001192092896
40,Abhishe92288255,-0.4000000059604645
41,Abhithakur1000,0.30000001192092896
42,Aboutinco,0.10000000149011612
43,Abowaad_Mostafa,0.30000001192092896
44,AckeenLawrence,0.0
45,ActuaryBenjamin,-0.5
46,Adam_Martinez99,0.20000000298023224
47,AdexC7,-0.30000001192092896
48,AdmiralKarlLSc2,
49,AdnanShahid571,-0.10000000149011612
50,AdrianP60125256,-0.4000000059604645
51,Adrianov1995,0.20000000298023224
52,AgFVtBTs7L2pXwR,0.0
53,AghoshPrasannan,0.30000001192092896
54,AgwazaBadde,-0.20000000298023224
55,AhmadAh25687390,0.30000001192092896
56,AhmedNishan17,0.0
57,Ahmerd_suleman,-0.6000000238418579
58,Ajay4suresh,0.800000011920929
59,Ajuchoudhary000,0.30000001192092896
60,AkbarBinUmer,0.0
61,Ake98731816,0.30000001192092896
62,AkhikAziz,0.30000001192092896
63,Akmal87604990,0.30000001192092896
64,AkramIbneSiraj,0.0
65,Alancheung819,0.30000001192092896
66,Alassttorr,0.30000001192092896
67,AlbertaRistine,-0.30000001192092896
68,AlcaraJonatas,0.4000000059604645
69,AleNoguera23,0.30000001192092896
70,Aleja_Osorio_C,0.4000000059604645
71,Alejandro_pina,0.20000000298023224
72,AlessandraRises,0.10000000149011612
73,AlexTweets_321,0.10000000149011612
74,AliShahriarzade,0.699999988079071
75,AliShay05962332,0.10000000149011612
76,AlianElonHusain,0.800000011920929
77,Alis_Navadiya_,-0.20000000298023224
78,Aliyanaws,0.0
79,AllanDePrince2,-0.20000000298023224
80,AlstonZhan,0.699999988079071
81,AlyJera,0.0
82,AmalBobaker,0.0
83,AmoghGowda89,-0.699999988079071
84,AnatanRigo,0.30000001192092896
85,Anderso22355605,0.30000001192092896
86,AndradeCrr,0.0
87,AndrewFalce,0.5
88,Andriobrandao88,0.20000000298023224
89,AniketJ89556311,0.8999999761581421
90,AnjaliK29763971,0.30000001192092896
91,AnnaClaRAkyym,-0.5
92,Anshuman9142,0.30000001192092896
93,AnthonyRothis,-0.5
94,AnthuamNazzer,0.0
95,AnurakNuyim,0.6000000238418579
96,AnyRoy9,0.0
97,AparcedoC,0.30000001192092896
98,Apple_jp222,0.30000001192092896
99,Arbaz__far00q,-0.20000000298023224
100,Archana21184152,0.800000011920929
101,Arijoseoficial,0.8999999761581421
102,Arish19102271,0.30000001192092896
103,Armando37386677,0.6000000238418579
104,ArmandoBR,0.10000000149011612
105,ArmandoYepez6,0.20000000298023224
106,Arsalwnm,0.30000001192092896
107,ArsenijAhmadal1,0.0
108,ArshadbalochPTI,-0.10000000149011612
109,AruArzan,0.8999999761581421
110,ArwynBurrowes,0.0
111,AryanParekh1117,-0.30000001192092896
112,ArzoMike,0.4000000059604645
113,AsamaRani03,0.0
114,AshiqBh48137016,0.5
115,AshmitSardiwal,0.0
116,Ashok85774515,0.10000000149011612
117,Ashwaq7008,0.10000000149011612
118,AsifKhanAdnan,0.6000000238418579
119,AsraPVP,0.30000001192092896
120,AtayHashus,-0.10000000149011612
121,AustinJimmy3,0.800000011920929
122,AutaShagi,-0.10000000149011612
123,AviShoumik,-0.10000000149011612
124,Avishek2308,0.0
125,Ayaazkh18,-0.4000000059604645
126,AymanHis,0.30000001192092896
127,AyoobAlpha,0.699999988079071
128,BALAM79543533,0.0
129,BASILEL67272711,0.20000000298023224
130,BChiwandu,0.699999988079071
131,BO8178,0.20000000298023224
132,BSagnoh,0.10000000149011612
133,BabbuKuk,0.20000000298023224
134,BadMUTerEffer,0.10000000149011612
135,BakhshiAmirrr,0.30000001192092896
136,Bala89647456,0.8999999761581421
137,BallsDeeptheone,0.0
138,BanjoThreeie87,0.4000000059604645
139,BarbieJ91218222,0.4000000059604645
140,BartekWerty,0.30000001192092896
141,BasuNarendra1,0.30000001192092896
142,Bbrasays,0.0
143,BeHappy43941041,0.699999988079071
144,Beerbabaaa,0.4000000059604645
145,Bhabin070,0.0
146,Bhavika92304708,0.699999988079071
147,BhunnooAthar,0.0
148,BigmanShawn_,0.20000000298023224
149,BillCjcbill,0.30000001192092896
150,BohdanMykytey,0.0
151,Bonanilaskar27,-0.4000000059604645
152,BorgeadvAlvaro,0.10000000149011612
153,BoubouRahim,-0.6000000238418579
154,Brandonedwards,0.30000001192092896
155,Brau_23,0.20000000298023224
156,Brayanluis262,0.30000001192092896
157,Brayden__Stark,0.6000000238418579
158,Bruncastell58,0.10000000149011612
159,BtsSafoo,0.30000001192092896
160,BtvMatthew,0.30000001192092896
161,BundyNurhyeal,-0.30000001192092896
162,BunthaiMeas,-0.20000000298023224
163,CAngulomorales,0.10000000149011612
164,CHANDRASHISH17,0.8999999761581421
165,CHW4everyone,0.30000001192092896
166,CadburyAchu,0.10000000149011612
167,CalebConner_AL,0.20000000298023224
168,CamTajik,-0.10000000149011612
169,Camilesuc,0.30000001192092896
170,CamiloAventure,0.30000001192092896
171,CapXcV66GFN59HA,0.30000001192092896
172,CarlosZ80803050,-0.5
173,Carlosm12160314,0.0
174,Carlosmusico22,0.6000000238418579
175,CarolineNyazika,0.10000000149011612
176,Carterwood22,0.20000000298023224
177,CaseyKco,0.0
178,CassieEdwardso5,0.6000000238418579
179,CatalystEx,0.30000001192092896
180,CesarE0423,0.699999988079071
181,Chandru033,0.30000001192092896
182,CharlesMukalaz1,0.10000000149011612
183,Charlot27694242,0.8999999761581421
184,ChernetTerefe3,0.4000000059604645
185,CherryiesR,-0.20000000298023224
186,Chi22642650,0.800000011920929
187,ChonghaoZhao,0.10000000149011612
188,Chrisdraxler59,-0.4000000059604645
189,Christo09512223,0.4000000059604645
190,Citlali28062346,-0.20000000298023224
191,Claudio_Ciccone,0.10000000149011612
192,Claus_Discher,-0.30000001192092896
193,ClumsyCigars,-0.20000000298023224
194,Comrhyper,-0.10000000149011612
195,CrystalRoubiqu7,0.0
196,CyberDelcapone,-0.4000000059604645
197,DARKWAGEORGEAT1,0.699999988079071
198,DMac9965,0.30000001192092896
199,DOCTOR_0911AJEJ,
200,DQ_Dragon,0.20000000298023224
201,DQ_X_RACCO,0.4000000059604645
202,DQ_X_SEABASS,0.30000001192092896
203,DRMOHMM51640316,0.20000000298023224
204,DSangchai,0.0
205,DSoleSurvivor,0.10000000149011612
206,DYRNU_CA,0.20000000298023224
207,DaddyMyco1991,
208,DagarguliaGoga,0.10000000149011612
209,DaisyZulu2,-0.20000000298023224
210,DamienRL1972,0.0
211,Daniel90419023,0.30000001192092896
212,DanielAndrews64,0.800000011920929
213,DanishDanesh,0.0
214,DannyC397,0.699999988079071
215,Dany_12Esquivel,0.6000000238418579
216,DarescuMarius,0.8999999761581421
217,DarkSeedX,0.20000000298023224
218,DarrellRyle,0.0
219,DashaTa91868718,0.30000001192092896
220,Dashraf101,0.8999999761581421
221,Dave71460927,0.0
222,DavidBernalRuiz,0.8999999761581421
223,DavidGnuEC,0.10000000149011612
224,Davidkhual1989,0.6000000238418579
225,Deeniekuf,0.10000000149011612
226,DeepanshuDuggal,-0.30000001192092896
227,Deepu60378722,0.4000000059604645
228,Degiro101,0.0
229,Delfinaci1337,0.4000000059604645
230,Delroy74836038,-0.30000001192092896
231,DerSchleich,0.20000000298023224
232,Dev_Hills_,0.30000001192092896
233,Devki_national,0.20000000298023224
234,DhahranRankin,0.8999999761581421
235,DianaACosma,0.6000000238418579
236,DiegoSM1986,0.10000000149011612
237,DierickxJeroen,0.5
238,Dioguin92,0.30000001192092896
239,DipaardiH,0.6000000238418579
240,DogeVinoth,0.0
241,DonnaBr05618769,-0.20000000298023224
242,DoreathaLiska,0.0
243,Dr_conglo,0.4000000059604645
244,Dre8516,-0.10000000149011612
245,Duisburger47169,0.0
246,DulceMariia1992,0.10000000149011612
247,DunamisClement1,-0.30000001192092896
248,Dutchman647,0.5
249,DwinCrypto,0.20000000298023224
250,DyslexicConnect,0.30000001192092896
251,EG_ROOTS,0.20000000298023224
252,EKalathur,0.0
253,EVE_twins,0.0
254,EYT_34_MURAT,0.0
255,EdcarlosBarbo15,0.0
256,EdgarPeuela7,-0.10000000149011612
257,Edison111222,0.8999999761581421
258,EduMaciel19,0.699999988079071
259,EdwardL20557835,0.0
260,Edwardstarmoon,0.5
261,EdwinaP76714439,0.0
262,Eeric_Chatmon,0.10000000149011612
263,EhtishamChoudh8,0.30000001192092896
264,EkvbgJDOY0sdjhd,0.10000000149011612
265,Elenafutkaradze,0.30000001192092896
266,EliteBoy01,0.8999999761581421
267,Elmrabet_Abde,0.10000000149011612
268,EmanuelAmaya8,0.8999999761581421
269,EmilyKilmer5,0.20000000298023224
270,Emmanue82445119,0.20000000298023224
271,EnesGnd43380285,-0.20000000298023224
272,Envirolife4,0.0
273,Epilefvasil,0.0
274,ErShivam89,0.0
275,ErSurajBhan,0.0
276,Erhardgutreden,0.10000000149011612
277,EshwarPkt,0.6000000238418579
278,EspinoEdd,0.10000000149011612
279,Esuper33377777,0.20000000298023224
280,EtJourneman,0.5
281,EthenDavis2004,
282,EvandroCalanca,0.0
283,FABENDERJanChr1,0.10000000149011612
284,FAROCURI,0.30000001192092896
285,FShahabeddin,0.30000001192092896
286,FTgh6X96vSR4TWh,0.4000000059604645
287,FahadIbnShahid,0.4000000059604645
288,FaheemPanhyar,0.6000000238418579
289,FaizShahnawaz1,0.0
290,FardeenFKhan,0.20000000298023224
291,FarizAbdulAziz7,-0.5
292,FaroukBenAyoub,0.0
293,FedUPGrandmaNY,0.20000000298023224
294,FelipeM83740420,0.20000000298023224
295,FengJing12345,0.0
296,Fenicelettronic,-0.5
297,Feralucha,-0.10000000149011612
298,Fetko13,-0.10000000149011612
299,FilippoPandin,0.20000000298023224
300,FirmanAndree,0.30000001192092896
301,Floyderwagen,0.0
302,Flufy02178527,0.30000001192092896
303,FlyGues,0.5
304,Fq5rYUKehv0au0O,0.30000001192092896
305,FranCudina,0.10000000149011612
306,Francoperona1,0.30000001192092896
307,FrantzGucci1,-0.20000000298023224
308,Frederi00933344,0.30000001192092896
309,FreeMeFreeWorld,0.30000001192092896
310,Fu_Yu_0501,0.0
311,G4LV1N,
312,G95Cristian,0.0
313,GCcastillo121,0.10000000149011612
314,GDXALK,0.20000000298023224
315,GObianagha,0.800000011920929
316,GRBATA,0.4000000059604645
317,GabriuskSouto,0.10000000149011612
318,Galaxy71900234,0.10000000149011612
319,GamerSaint4,0.30000001192092896
320,GaneshG_333,0.30000001192092896
321,Garkz34,-0.10000000149011612
322,GarthwaitNancy,0.20000000298023224
323,GaryOdd,0.4000000059604645
324,GauravC46392832,0.5
325,Gdczlmh,0.6000000238418579
326,GeForce256_,0.10000000149011612
327,Gedavray,0.0
328,Gegeferreirah,0.5
329,Geniusesque,0.20000000298023224
330,Gerardo46058322,0.20000000298023224
331,GhostPr41928109,0.20000000298023224
332,Gillstyle37,0.30000001192092896
333,GilsonL87672416,0.4000000059604645
334,Giripra47511912,0.699999988079071
335,GiuliaSpinell15,0.10000000149011612
336,Glenn_dgb_,-0.30000001192092896
337,Godwin04007441,0.30000001192092896
338,GoodDali1,0.699999988079071
339,Gopal58547066,-0.30000001192092896
340,GreenLight2006,-0.30000001192092896
341,Greidys72394740,0.4000000059604645
342,GrizzyGzy,0.30000001192092896
343,GubaGergo17,0.8999999761581421
344,GuillemRecolons,0.4000000059604645
345,GundoRsa2,-0.4000000059604645
346,GurcharansinghK,-0.10000000149011612
347,GuruPrasaad14,0.5
348,HAMZEHJOUDEH1,0.30000001192092896
349,HDDoone,-0.30000001192092896
350,HRHAngie,-0.30000001192092896
351,HYPERccx,
352,Hajii_j,0.10000000149011612
353,HamPolite,0.0
354,Handsome_XiaoLu,0.10000000149011612
355,HariJanani2,0.800000011920929
356,HarshilThamwal6,0.0
357,HasaanIbrahin,0.0
358,HeaTin3,0.30000001192092896
359,Heisenberg4222,-0.20000000298023224
360,HildebrandTatum,0.10000000149011612
361,HiroakiYamada18,0.30000001192092896
362,Hsuehung,0.20000000298023224
363,HungkonK,0.20000000298023224
364,Hussienaraby7,0.30000001192092896
365,HustleNona,-0.10000000149011612
366,HynxR6,0.20000000298023224
367,HyzShortiie,0.0
368,INVINCIBLE_NOOR,-0.4000000059604645
369,IRizwanhere,0.5
370,I_mVeena,-0.10000000149011612
371,IamRayJr__,0.0
372,Iam_faizzan,0.10000000149011612
373,Iam_urdestiny21,0.20000000298023224
374,Iamaboutanut,0.10000000149011612
375,Ibarros12,0.0
376,IbimsDan,0.30000001192092896
377,IbsgleyA,-0.800000011920929
378,Ichigo1940,0.20000000298023224
379,Iftekhar1Aman,0.10000000149011612
380,IkerAkaAries,0.10000000149011612
381,ImoleTacashy,-0.5
382,Indroshaoskin,0.30000001192092896
383,Influenza1023,-0.10000000149011612
384,IoStracciatella,-0.10000000149011612
385,Ioringozoo,0.0
386,IsCiou,0.20000000298023224
387,IsaiahR90132762,0.0
388,IslamAhmed54,0.30000001192092896
389,ItsanshTiwari,0.0
390,ItzAlex34361059,-0.10000000149011612
391,Ivanfsiarnny7,0.10000000149011612
392,IvyMobouck,0.20000000298023224
393,JChaleamchai,0.30000001192092896
394,JDogs97,0.30000001192092896
395,JLawrence55,0.0
396,JReddingJones,0.5
397,JackieXX1996,0.8999999761581421
398,Jacquii12153280,0.699999988079071
399,JamieJo82302214,0.6000000238418579
400,JanSamith,0.4000000059604645
401,JashwanthMeruga,0.0
402,JasnaGrbic,
403,Jason_Li_YY,0.0
404,JasperVelde,0.6000000238418579
405,JavierMtzE,0.10000000149011612
406,Javkhaa2014,0.10000000149011612
407,JayaramKailas,0.4000000059604645
408,JeanPie64458796,0.30000001192092896
409,JeelaniMasroor,-0.10000000149011612
410,Jeremia0597,-0.10000000149011612
411,JeremyLeusden,
412,Jharkhandvasi1,0.0
413,JigsPatel1121,0.10000000149011612
414,Jihad_A7med,0.30000001192092896
415,Joebrincks,-0.10000000149011612
416,JohannesRauch73,0.4000000059604645
417,JohnsonWang2022,0.10000000149011612
418,JonathanSsekal5,0.10000000149011612
419,JonnySa98361167,0.30000001192092896
420,Jordan8329,0.4000000059604645
421,JordanWicks17,0.0
422,JoseBertran4,0.0
423,JoyceYa75165306,-0.10000000149011612
424,Juan70115051,0.5
425,JuanCar01073921,0.0
426,JuanPab83087509,0.20000000298023224
427,JuanPrades,0.20000000298023224
428,Juansebasrg,0.6000000238418579
429,JuliedeSade,0.0
430,JustSwell2,0.0
431,Justin_satoshi,-0.20000000298023224
432,Jyothi_Raghava_,-0.4000000059604645
433,KS_Financieros,0.0
434,KUNAL__18,-0.20000000298023224
435,Kacem_adda,
436,KamalaCherif,0.20000000298023224
437,KangzGaveMePTSD,-0.10000000149011612
438,Kapilgor22,0.10000000149011612
439,Karaballet1225,0.5
440,Katie982733571,0.4000000059604645
441,Katten114514,0.30000001192092896
442,Kavmhdi,0.20000000298023224
443,Kavyamahesh005,
444,KelliBelli__,0.20000000298023224
445,Kelly268991,0.8999999761581421
446,KendimexNotlar,-0.5
447,KendrickDenetr1,0.6000000238418579
448,Kevin38711184,0.0
449,Kevin67118512,0.10000000149011612
450,KhabbabQari,0.10000000149011612
451,Kimberl93459015,0.5
452,KingKiller2164,0.4000000059604645
453,KirkLugo,0.699999988079071
454,KishuinuMeta,0.0
455,Kivindu_heshan,-0.10000000149011612
456,Kkadam28,-0.4000000059604645
457,Kleriston18,0.0
458,Klown3021020,0.0
459,KlukowskiPaul,0.800000011920929
460,KosenRoom_WK,0.10000000149011612
461,KostyaKobzev,0.10000000149011612
462,Kou15604779,0.10000000149011612
463,KrisBandle,0.0
464,Krishna83101351,0.4000000059604645
465,KrishnaBhupal1,0.30000001192092896
466,Kubanczuk,-0.4000000059604645
467,KumarSukuna,
468,KuroBrandon,0.30000001192092896
469,KylieAn65914540,0.30000001192092896
470,L4Caocf5MCZCCx8,0.0
471,L5Vanessa,0.30000001192092896
472,LANGELALFONSO,0.20000000298023224
473,LASTSSJ,0.0
474,LBulgach,-0.6000000238418579
475,LBxALBIN,
476,LaAuto1991,-0.10000000149011612
477,Lahirud22861527,0.10000000149011612
478,Lakhkarkhan0,0.20000000298023224
479,LasithLakmal,0.30000001192092896
480,LauraPo97336045,0.0
481,LavandulaFF7,0.20000000298023224
482,Lavo0c0,0.30000001192092896
483,Legndarygamer15,0.10000000149011612
484,LeikSav,-0.6000000238418579
485,Leila22hh,0.30000001192092896
486,LemuelTaylor11,0.8999999761581421
487,LeoTorres222,0.10000000149011612
488,Leoac2023,-0.30000001192092896
489,LeonardoCMesqu1,0.4000000059604645
490,LesaffreElena,-0.20000000298023224
491,LilBrown283,-0.6000000238418579
492,LilTune92382031,0.10000000149011612
493,LilianRassi,0.0
494,LizSalgadoM,0.10000000149011612
495,LlomiNomo,0.4000000059604645
496,Luby93061667,0.800000011920929
497,LucaCalmera,0.5
498,LuciaAnaMari,0.30000001192092896
499,Lucy23006616,-0.800000011920929
500,LudiePredovic,0.10000000149011612
501,Luis11293859,0.4000000059604645
502,LuisCor70733478,0.20000000298023224
503,Luis_Medina05,0.20000000298023224
504,LuizButzke4,0.0
505,LuizC_Carvalho,0.10000000149011612
506,Luke_Kaminski,0.6000000238418579
507,LuminousDon,0.20000000298023224
508,Lundic,0.10000000149011612
509,LxunThn77425683,0.30000001192092896
510,LynelleMostrom,0.0
511,LyzField,0.10000000149011612
512,MDNAHIDHASANS98,0.30000001192092896
513,MDSidDu15,0.20000000298023224
514,MGhouaidia,0.20000000298023224
515,MM63226660,0.10000000149011612
516,MNMarkAZ,0.4000000059604645
517,MNamithgowda,
518,MRX4Z,0.0
519,MTSDiaz05,0.0
520,MUHSINHUSSEIN17,0.30000001192092896
521,MWBaig2,-0.4000000059604645
522,MachindraNikha1,-0.5
523,MachucaW,0.10000000149011612
524,MadrugaSosa,0.6000000238418579
525,MahabadiAhmad,0.20000000298023224
526,Majid02_,-0.20000000298023224
527,MaliPhanthu,0.30000001192092896
528,Mamfuni71Duncan,0.8999999761581421
529,Manas1387,0.699999988079071
530,MarcenioD,0.0
531,Marcos90120945,0.8999999761581421
532,MarcosCoelhoRo1,0.0
533,Marie51222564,-0.800000011920929
534,MarieCarringt22,0.800000011920929
535,MarieFi66212030,-0.5
536,MarkMuteti6,-0.10000000149011612
537,Mark_don21,0.10000000149011612
538,MartaAvelar12,0.30000001192092896
539,Maru_29122,0.4000000059604645
540,MarwaKhalil258,0.8999999761581421
541,MashalSediqi4,0.30000001192092896
542,MatteoGarofolo,0.8999999761581421
543,Maty_Almeyda,0.0
544,Max3539394994,0.30000001192092896
545,MaximumFun420,0.0
546,May2991944660,0.0
547,Mayank7895,0.5
548,Mbomstic,0.0
549,McClever_,-0.10000000149011612
550,MdShaki70217585,0.5
551,MeghrajTomar,0.5
552,MehrzadGoli,0.0
553,Mehtaba909,0.10000000149011612
554,MejiavAldair,-0.20000000298023224
555,Merman13Moisty,0.30000001192092896
556,Metalbionix,0.0
557,Michael17260722,-0.5
558,Michael66406688,0.0
559,Miguel154351491,-0.30000001192092896
560,MiguelFelguere1,0.30000001192092896
561,MiguelJ95249764,0.0
562,MikulasHabala,0.30000001192092896
563,Mills15Paco,0.4000000059604645
564,MinTheinKyaw001,0.6000000238418579
565,MiraFaran2,0.5
566,MirrorOfTimes,0.0
567,Mishio0523,0.10000000149011612
568,Mituldodiya0,0.699999988079071
569,Mmath101,-0.20000000298023224
570,Mo81850177,0.30000001192092896
571,Mohamed71270330,0.30000001192092896
572,MohamedAgour1,0.30000001192092896
573,Mohamma29721234,0.30000001192092896
574,Mohammad_pg19,-0.10000000149011612
575,Mohamme65392071,-0.10000000149011612
576,Mohamme97699682,-0.10000000149011612
577,Mohd__Yasar,-0.10000000149011612
578,Mohsen85A,0.20000000298023224
579,Mohtang82714662,0.30000001192092896
580,Moises09048093,0.4000000059604645
581,Momnt12,-0.5
582,Moscoag2,0.30000001192092896
583,Mostafa78814392,0.30000001192092896
584,MotaNtkmom,0.4000000059604645
585,MrAkshay_1111,0.0
586,Mr__Chann,0.30000001192092896
587,Mr_wajish,0.0
588,Mralechenu,-0.20000000298023224
589,Mrcheese88,-0.20000000298023224
590,MrfbaX,-0.5
591,Muhammad_Fahimm,0.10000000149011612
592,MukeshR127,0.0
593,MunirNotepad,-0.10000000149011612
594,MurthyNukala,0.20000000298023224
595,MyShekhar,-0.30000001192092896
596,N1no16122843,0.0
597,NAKATOJOVIA,0.0
598,NFT_Kuske_Goa,0.4000000059604645
599,NLIN66888,0.8999999761581421
600,NNevanjith,0.20000000298023224
601,NacThxng,0.20000000298023224
602,Nacos031,0.0
603,Nadeem1448601,0.30000001192092896
604,NaiyaNelson_,-0.20000000298023224
605,NajuTana,0.10000000149011612
606,Nang_Shwe_Zin,-0.20000000298023224
607,Nanshuka97,0.30000001192092896
608,NautiStitches,-0.699999988079071
609,Naveed_Shah_Jee,0.0
610,Naveen29186959,0.0
611,Naveen_netha1,-0.10000000149011612
612,NavinKu00412350,0.30000001192092896
613,NdproNatalpanzo,0.20000000298023224
614,NellieA0913,0.5
615,NelliusBrown,0.699999988079071
616,NestorHRadio,0.20000000298023224
617,NicholasSok1,0.20000000298023224
618,Nick76895438,-0.800000011920929
619,Nicolas52294519,0.0
620,NicolasOsorio13,0.10000000149011612
621,Nila_IX,0.10000000149011612
622,Ninjashype_,0.8999999761581421
623,Noelle_Kris,0.0
624,Nomikitrikilis3,0.10000000149011612
625,NonNon26758521,-0.20000000298023224
626,Nour59899020,0.20000000298023224
627,Nt3Utkarsh,0.30000001192092896
628,NullUsxr,0.30000001192092896
629,Nusret_Y,0.0
630,Nutkondeez,0.10000000149011612
631,OPPoWAc0leYBn0u,0.20000000298023224
632,OTO46672237,0.0
633,OceanUnicorns,-0.5
634,Ochocinco75,0.10000000149011612
635,Odol84476554,0.30000001192092896
636,OficinaAjf,0.30000001192092896
637,OkayImNotCupid1,-0.6000000238418579
638,OkohJamin,0.30000001192092896
639,Olantheanswer,0.4000000059604645
640,Oluwashinaeze,0.800000011920929
641,OmjiPrasad,0.0
642,OnexXeo,0.20000000298023224
643,Ophietokoyo5,0.30000001192092896
644,Os_ra_,0.0
645,OxFrx,0.30000001192092896
646,P3TRAPOD,0.10000000149011612
647,PADIERNAAV,0.0
648,PFLstudio_it,0.699999988079071
649,PLAYB0IMAFIA,-0.800000011920929
650,ParkminSolar,0.8999999761581421
651,Patrici78074185,0.0
652,PauloJn81384855,0.5
653,PavanChodisetti,0.4000000059604645
654,Pedro42085735,-0.5
655,PerkyAlways,-0.20000000298023224
656,PeterAb84835023,0.800000011920929
657,PeterMarrero14,-0.20000000298023224
658,PhilomenaAdder1,0.800000011920929
659,Phunminiyih,0.0
660,Pijus77434835,0.30000001192092896
661,PirshotamC,0.20000000298023224
662,Portuga16804479,0.0
663,PowerMa28532759,0.20000000298023224
664,Prakashcamden,0.30000001192092896
665,Preetam89953001,0.0
666,PremPRaTiKEkka1,0.699999988079071
667,Premnat27385049,0.8999999761581421
668,Prince2Bharath,0.20000000298023224
669,PrinceS35538142,-0.6000000238418579
670,PritamD57326636,0.30000001192092896
671,Prithwi59179527,0.20000000298023224
672,Prmixe,0.0
673,Publicinvester,0.0
674,PunjabBhangu,0.8999999761581421
675,QSaman66,0.0
676,QUEENNICOLEATL,0.20000000298023224
677,QaziMuhammadHu1,0.0
678,QuamiFaculty,0.10000000149011612
679,QuiteRiotz,-0.30000001192092896
680,Qusay_Altai,0.20000000298023224
681,RACRORACRO,0.10000000149011612
682,RDArmstrong1959,-0.5
683,RESET_owner,0.0
684,RJPF14,0.20000000298023224
685,RLejand,0.0
686,RachelPadovan,0.20000000298023224
687,RafaelMourao19,0.0
688,RahulShip,0.0
689,RajPattnaik19,-0.699999988079071
690,RajeshR61053122,0.4000000059604645
691,RajveerNagar20,0.20000000298023224
692,RakibHo26171497,0.10000000149011612
693,RalphSPettit,0.699999988079071
694,Ralph_Rungg,0.10000000149011612
695,Ramdasi3Avdhut,0.8999999761581421
696,RatulChaudhary2,0.6000000238418579
697,Raushan89789,-0.20000000298023224
698,RausoLuis,0.10000000149011612
699,Rauulllg,0.10000000149011612
700,RaviHadapad17,0.800000011920929
701,RayirhK,0.699999988079071
702,Raymond55347441,0.4000000059604645
703,Raymond68658471,0.4000000059604645
704,RcjVdj911,0.20000000298023224
705,Reallycierra,-0.30000001192092896
706,RedPaperNews,0.30000001192092896
707,RejaneBorba1,0.20000000298023224
708,RenanOl36204628,0.30000001192092896
709,Reneedaisy,0.4000000059604645
710,Reza40819914,0.5
711,Rikisub95964927,0.30000001192092896
712,RipusudanMahtha,-0.800000011920929
713,RishiMa80262561,
714,Rksharma145,0.800000011920929
715,RobbieK38,-0.10000000149011612
716,Roberto55984811,0.20000000298023224
717,Robin07800522,0.800000011920929
718,RobinHood1907,0.0
719,RocketLauncM,0.10000000149011612
720,RodrigoSgrancio,0.0
721,RodriguezL5,0.30000001192092896
722,RohanSi86816613,-0.20000000298023224
723,RonRKirkpatrick,-0.20000000298023224
724,Ronaldo67209200,0.0
725,Roshanubaid1,0.5
726,RoysSolano,0.10000000149011612
727,Rudolf_Strobl,
728,RuffCoins11,0.20000000298023224
729,Russel_0326,0.30000001192092896
730,SChaughtai,0.0
731,SHERAZFAM,0.20000000298023224
732,SHIVAM_1234515,-0.30000001192092896
733,SH_William,0.10000000149011612
734,SOPHEAKKHUT777,0.30000001192092896
735,SSS__Crypto,0.30000001192092896
736,STantalidis,0.0
737,SURAJIT9051,-0.30000001192092896
738,Sabber914,0.0
739,SabbirA72328732,0.5
740,Sacrifice_King,0.10000000149011612
741,SajFruits,0.10000000149011612
742,SamerAsfour,0.20000000298023224
743,Sami_ansari9,0.0
744,Samire53965899,0.30000001192092896
745,Samiron09,0.30000001192092896
746,Sammysticx,0.0
747,SamuelE42284145,0.20000000298023224
748,Sanatan44931091,-0.20000000298023224
749,Sang2090,0.30000001192092896
750,SangamS25840644,0.0
751,SanjayK06481519,0.4000000059604645
752,SaraIsa07,0.30000001192092896
753,Saro67945956,0.20000000298023224
754,SarthakKhandur6,0.30000001192092896
755,SathavaraJ,0.30000001192092896
756,Saumyaupadhyayy,0.0
757,SavageKitton,0.8999999761581421
758,SaysSameer,-0.10000000149011612
759,ScarlettAngell,0.4000000059604645
760,Seb_fecamp,
761,SebastianWurzi1,0.0
762,Semper_Probus,-0.10000000149011612
763,SergioC57843651,0.30000001192092896
764,Sfmb_Mo,-0.4000000059604645
765,Shabarish30,0.30000001192092896
766,ShabirLone27,0.30000001192092896
767,Shadiiixx7,0.30000001192092896
768,Shaharryar,-0.30000001192092896
769,ShahidIqbal9092,0.0
770,Shahroz73813855,-0.20000000298023224
771,ShantanuKhanna8,0.0
772,Shibariumism,0.0
773,Shoaib_bw_,0.30000001192092896
774,ShrutiGaitonde,0.0
775,Shubham_853,-0.10000000149011612
776,SiddeshNayaka3,0.10000000149011612
777,Siggy__1,0.20000000298023224
778,Sir_PhM,-0.5
779,Smile35587339,0.0
780,SoniaStephen9,0.0
781,SoravRajak,0.800000011920929
782,SoukhyaS,0.0
783,SoyLaEdi,0.20000000298023224
784,SpaceX2003,-0.5
785,SrodriguezA_,0.800000011920929
786,Stalwart_15,-0.10000000149011612
787,Startgov,0.0
788,StephComoe,0.0
789,Stephannnii,0.0
790,Stephanthomas_,-0.20000000298023224
791,StulceWesley,0.30000001192092896
792,Subhash12997707,
793,Sunfl0werBH,0.6000000238418579
794,Sunny_G10,-0.20000000298023224
795,Sunriise23,0.0
796,SuppliesHill,0.30000001192092896
797,Surendr83652435,0.0
798,Swathi77576161,0.4000000059604645
799,Swifty_0922,0.0
800,TCapitalistman,-0.4000000059604645
801,TContemplativa,0.4000000059604645
802,TahaHealing,0.0
803,Tarungurjar77,0.20000000298023224
804,TechMichael2,0.6000000238418579
805,Ted87459602,0.30000001192092896
806,Tellomilk,0.6000000238418579
807,Terrascout1149,-0.20000000298023224
808,TersinhaRosin,0.10000000149011612
809,TetteyNyerere,0.0
810,TevohMreggae,
811,ThagirlVinarose,-0.4000000059604645
812,Thai_Replubica,0.30000001192092896
813,Thaonguyen1963,0.30000001192092896
814,TheBigRedBear76,0.30000001192092896
815,TheGSStudio,-0.10000000149011612
816,TheKitchen180,0.5
817,TheSquareJordan,0.0
818,TheSquishy07,-0.30000001192092896
819,ThegameronFireT,-0.6000000238418579
820,Thisprettylady4,0.0
821,ThomasHui9,0.5
822,ToddPMarco,-0.20000000298023224
823,Trexsetup,0.4000000059604645
824,TrollerDvp,-0.30000001192092896
825,TssENqQaOmQXyxf,0.0
826,Tylerscott012,0.10000000149011612
827,UFakson,0.0
828,UPopcorn666,0.10000000149011612
829,USFacificFleet,0.10000000149011612
830,UchoaRochaRoch1,0.4000000059604645
831,Uefa12237087,-0.5
832,Ujjwal_tkd03,-0.10000000149011612
833,UmairAli55HN,0.4000000059604645
834,Umar58878519,0.20000000298023224
835,Usama9302,0.20000000298023224
836,UsamaTauqeer2,0.0
837,User772101,-0.4000000059604645
838,VIBHAWSRIVASTA,0.0
839,Vansh_Jain_01,0.8999999761581421
840,VibhuGoel10,0.30000001192092896
841,VictorD52888757,0.0
842,VictorManuel968,0.5
843,VictorVecci,0.0
844,VictorY18543393,0.8999999761581421
845,Victorglezk,0.30000001192092896
846,Vipintvm250,0.20000000298023224
847,ViveWithJeremy,0.8999999761581421
848,Vivek_Tripathii,-0.10000000149011612
849,Viviana_Dide,0.20000000298023224
850,Vladi67349897,0.30000001192092896
851,VrijeshPandey3,0.30000001192092896
852,WCN6ChPUperUwup,0.10000000149011612
853,WENTOMMY33,
854,WaqasKh31944888,-0.20000000298023224
855,Wellaxml5,0.20000000298023224
856,Wellinght0n89,-0.10000000149011612
857,WilfredZyl,0.0
858,WillBarbalat,-0.5
859,WilliamLackman1,0.30000001192092896
860,Windbody_core,0.0
861,Wosep02,0.10000000149011612
862,WuQizhen_TuiTe,0.6000000238418579
863,XIOMY_COR,0.20000000298023224
864,XSabias,0.30000001192092896
865,Xraq_02,0.20000000298023224
866,YaelSanchezs,0.30000001192092896
867,Yandryrojas04,
868,Yasinn2708,0.6000000238418579
869,Zahidkh70117295,0.0
870,ZedsDad,0.0
871,Zeinabe19867643,0.30000001192092896
872,ZiferioR,-0.4000000059604645
873,Zoro7roronoa7,-0.800000011920929
874,ZvZ21l,0.0
875,_TLR_TLR_,0.20000000298023224
876,_Vansh_Thakur_,0.20000000298023224
877,__AhmedOsman__,0.20000000298023224
878,__Zo__Ma,0.20000000298023224
879,__bubbazza__,0.0
880,__mrcharra,0.30000001192092896
881,__popopopon1303,0.30000001192092896
882,__watuluv__,-0.20000000298023224
883,_andresiito_,0.0
884,_tatafo,-0.4000000059604645
885,_tenchoelama_,0.0
886,_wicked1x,0.8999999761581421
887,_yozorakakeru_,0.10000000149011612
888,a1icie,0.10000000149011612
889,a215564,0.20000000298023224
890,aadhil696,0.30000001192092896
891,aadil_wordpress,0.20000000298023224
892,aaron_james84,0.0
893,aban_aslam,0.30000001192092896
894,abdars,0.0
895,abhijitsagar07,0.0
896,abwrym677116525,0.30000001192092896
897,acerezon,0.20000000298023224
898,achintyasingh04,0.8999999761581421
899,acreedds,0.4000000059604645
900,adebola_badejo,0.10000000149011612
901,adele_nix,0.0
902,adhisrini87,0.0
903,adityakumar1916,0.10000000149011612
904,adjtk01,0.0
905,adnanawaira786,0.4000000059604645
906,afoo01,0.10000000149011612
907,agarnica52,0.4000000059604645
908,aigbojemma,0.10000000149011612
909,ajazahmadmohd,0.0
910,ajithsebastia10,0.4000000059604645
911,ak68a,0.0
912,akashiromegane,0.4000000059604645
913,akki_dj,0.0
914,alexandra1479,0.0
915,alexisv_21,0.0
916,ali98_98,0.20000000298023224
917,alien4president,-0.10000000149011612
918,alishan1x,0.0
919,alsmawy31520085,0.30000001192092896
920,altun_aral,0.0
921,alvarito_medina,0.4000000059604645
922,amandaxie,-0.10000000149011612
923,amandwi39776875,-0.4000000059604645
924,amendra_naagar,0.0
925,amjadalfadilx1,-0.20000000298023224
926,anacrisbelloso,0.20000000298023224
927,andsonlin,0.20000000298023224
928,anhass__,0.699999988079071
929,aniketdhar8,0.30000001192092896
930,ankur_cosial,0.0
931,ansarialiabbas9,0.30000001192092896
932,anton181195,-0.10000000149011612
933,antunesbrun01,0.0
934,anwer_ragab,0.0
935,aparedess__,0.0
936,archit_saraogi,-0.10000000149011612
937,aristea_papa_97,0.4000000059604645
938,armo_stickman,0.0
939,arseprec,0.0
940,arvind_joshi,0.4000000059604645
941,asamoah023,0.20000000298023224
942,ashiqem,0.20000000298023224
943,ashurhod,-0.10000000149011612
944,atreye_e06,-0.10000000149011612
945,avptech,0.30000001192092896
946,az_qw51,0.0
947,azumusu_defo,0.4000000059604645
948,b4EMdjcMqfjLcrf,0.20000000298023224
949,bErE_nAiSi,0.30000001192092896
950,ba3llo,-0.10000000149011612
951,babyog_389,0.5
952,bash3_,0.20000000298023224
953,bcwatson1975,0.4000000059604645
954,behtea,0.20000000298023224
955,bemarvelous1,-0.10000000149011612
956,beramarton,-0.10000000149011612
957,bhagira18150351,0.0
958,bhatta_arijit,0.699999988079071
959,bhusal_mandeep,0.10000000149011612
960,bigslumppaco,0.30000001192092896
961,binaykmryadav,0.10000000149011612
962,blacklogann,-0.20000000298023224
963,blanks1991,0.30000001192092896
964,blaqboiceekay,0.0
965,bluehue99,0.30000001192092896
966,bond_sin,-0.30000001192092896
967,bossthericky,0.10000000149011612
968,braulioseabra,0.10000000149011612
969,breakout4412,0.10000000149011612
970,brizman_,0.10000000149011612
971,brunololi5,-0.4000000059604645
972,buhlembel,0.10000000149011612
973,bujarselimi21,0.5
974,butimnothave,-0.6000000238418579
975,byrd5620,0.10000000149011612
976,call_me_tt_1997,0.30000001192092896
977,canderson334,0.30000001192092896
978,cangunbatan,0.20000000298023224
979,canpolatkc,
980,carl_c_kraemer,0.30000001192092896
981,carlosrafaeleb,-0.4000000059604645
982,carlossalas_1,0.0
983,caryhumphries,-0.10000000149011612
984,cassialilian,0.10000000149011612
985,cassiocarletti,0.10000000149011612
986,casumeetgarg,0.0
987,cdzO8QkZgU2wYRv,0.30000001192092896
988,ceiphr,0.5
989,cemilolak2,0.10000000149011612
990,cerebatant3131,0.0
991,cessjoy2020,0.30000001192092896
992,charles40958113,-0.30000001192092896
993,charskaph,0.10000000149011612
994,chendaw48050461,0.8999999761581421
995,cherxxryxh,0.4000000059604645
996,chetan2587,0.30000001192092896
997,chetangaikwad24,0.20000000298023224
998,chiaoooooo__,0.30000001192092896
999,chinonuela,-0.20000000298023224
1000,chng_mark,-0.30000001192092896
1001,chokilol,0.20000000298023224
1002,chribour,0.0
1003,chris_keate,0.20000000298023224
1004,christo53252475,0.0
1005,cihan49882638,-0.30000001192092896
1006,clarance_45,0.30000001192092896
1007,clashnl87,0.0
1008,clown01282,0.30000001192092896
1009,coldsummers69,0.20000000298023224
1010,colthepar,0.0
1011,conwaew,-0.20000000298023224
1012,corina_milligan,0.30000001192092896
1013,crewj2019,0.4000000059604645
1014,crystalallan1,0.0
1015,cryto_r0ller,-0.20000000298023224
1016,curuchet_hernan,0.10000000149011612
1017,cxlifso,0.0
1018,dalgon88,0.0
1019,dancedw,0.10000000149011612
1020,dandyszn_,-0.10000000149011612
1021,daniel_luzitu,0.10000000149011612
1022,dannyuranus,-0.20000000298023224
1023,dany1792,-0.10000000149011612
1024,dashu46119132,0.30000001192092896
1025,davidahcox,0.30000001192092896
1026,davidsanchezlau,-0.10000000149011612
1027,dbopwer,0.0
1028,deI0ebFUoosrNzy,0.30000001192092896
1029,dedlers,0.10000000149011612
1030,deepshamsher,0.10000000149011612
1031,demogaming_v,0.30000001192092896
1032,der_mentat,0.0
1033,designitis,0.30000001192092896
1034,dhamu_kundan,0.5
1035,dhruvhuja,0.10000000149011612
1036,dianestephaniec,0.30000001192092896
1037,dikya23,0.30000001192092896
1038,dilandaboin1,0.4000000059604645
1039,dilyanantonov,0.0
1040,dixxam,0.4000000059604645
1041,dog_in_noodles,-0.20000000298023224
1042,dogan916,0.0
1043,dogzoty,-0.20000000298023224
1044,dokidok200920,0.30000001192092896
1045,domdagoat69,0.0
1046,dontdienosaurs,-0.20000000298023224
1047,dpooooooo,0.30000001192092896
1048,dpuvrghese,0.0
1049,dragen19,0.4000000059604645
1050,dravenhilliard1,0.10000000149011612
1051,dreyes0515,0.10000000149011612
1052,drpatrickbennie,-0.4000000059604645
1053,drquezadamd,0.20000000298023224
1054,dsqfahim,0.30000001192092896
1055,duhdesantis,0.20000000298023224
1056,e2AbdulXD,0.0
1057,edcben1,0.30000001192092896
1058,edgar92117339,-0.10000000149011612
1059,eli_pneuma,0.10000000149011612
1060,eliana_paola_92,0.0
1061,elmikuvi,0.30000001192092896
1062,elumalai_786,0.10000000149011612
1063,emma19802010,-0.10000000149011612
1064,emma_nuellll,-0.10000000149011612
1065,emon8_,0.30000001192092896
1066,espindolapm,0.30000001192092896
1067,evanjanovsky,0.0
1068,everttonribeiro,-0.30000001192092896
1069,ex_ce_pt_ion,0.0
1070,ezeizaguirre,0.0
1071,ezravilluri,0.20000000298023224
1072,f_chhawniwala,0.30000001192092896
1073,fab3F_official,0.5
1074,fahidul_islam3,0.30000001192092896
1075,faizyshah,-0.4000000059604645
1076,fakemshow,0.10000000149011612
1077,fanchtoken,0.0
1078,farah_huseynli,0.6000000238418579
1079,fdrgergo,0.8999999761581421
1080,fedeboston,0.5
1081,feipongsapak5,0.5
1082,feliperoodrigss,0.4000000059604645
1083,fernandesloh17,0.0
1084,fivetroop,0.4000000059604645
1085,fizikci10947389,0.8999999761581421
1086,fmedinar07,0.10000000149011612
1087,fp3217,0.10000000149011612
1088,franco07_luis,0.30000001192092896
1089,francotelle1973,0.30000001192092896
1090,frankacam86,0.0
1091,fraurhee,0.10000000149011612
1092,fruitonpizza,-0.10000000149011612
1093,furkangomez13,0.0
1094,furnitacture,0.30000001192092896
1095,gabii_jardiim,0.0
1096,gabribabey,0.20000000298023224
1097,gabrielrisco,0.30000001192092896
1098,gamaplayz,-0.30000001192092896
1099,garciae_k,0.4000000059604645
1100,garnali8,0.0
1101,garzaniz,0.30000001192092896
1102,gatoo_9228,0.30000001192092896
1103,gbd67512020,0.10000000149011612
1104,gdragonkissme,
1105,gemtausag,0.699999988079071
1106,geoffHulten,0.4000000059604645
1107,getab_desta,0.30000001192092896
1108,ghaiiam,0.5
1109,gonpereyra94,0.30000001192092896
1110,googoobb2,0.10000000149011612
1111,gpbolde,0.20000000298023224
1112,greenyatora,0.0
1113,grisarillo,0.5
1114,grylledtacos,-0.6000000238418579
1115,gs311090,0.0
1116,guolian78791776,0.30000001192092896
1117,gywp0_c,0.30000001192092896
1118,h05enryg,-0.10000000149011612
1119,h11gamer,0.0
1120,h8everything_,-0.5
1121,hamza_zubairi7,-0.20000000298023224
1122,hana20220501,0.10000000149011612
1123,hand_bul,0.0
1124,haroon0122,0.20000000298023224
1125,harshpa34130604,0.30000001192092896
1126,hasan111_md,-0.20000000298023224
1127,hasnathasan10,-0.30000001192092896
1128,hassan_hnng2,0.30000001192092896
1129,hauerxing,0.20000000298023224
1130,haveagr8day_,0.30000001192092896
1131,hbeaqq,0.30000001192092896
1132,hbeifen,-0.4000000059604645
1133,hbpoyraz,0.0
1134,hecker2007,0.20000000298023224
1135,hergeorg,0.800000011920929
1136,heyjasur,-0.10000000149011612
1137,hkohjani_25,-0.30000001192092896
1138,hm_ameer01,-0.10000000149011612
1139,hobbiabbas,0.0
1140,hodgietech,0.5
1141,holidayjunior_,-0.6000000238418579
1142,hontakku,0.0
1143,horizonltdco,0.30000001192092896
1144,horror96311,0.20000000298023224
1145,hosomijun,0.0
1146,hy_siam,0.20000000298023224
1147,i_wantbobuk,-0.6000000238418579
1148,iamPSaimbi,0.30000001192092896
1149,iam_peter_stark,-0.20000000298023224
1150,iamthorynn,0.0
1151,ianmarch31,0.6000000238418579
1152,idaho4me,0.20000000298023224
1153,idktbhjk,0.0
1154,imJagadeesh_,0.20000000298023224
1155,imRSnaresh,-0.10000000149011612
1156,im_vikay,0.10000000149011612
1157,imarjunrbhatt,0.30000001192092896
1158,immaterialbrat,-0.30000001192092896
1159,imumeruru,0.800000011920929
1160,indalecito,0.20000000298023224
1161,inigolv,0.10000000149011612
1162,irina65742021,0.4000000059604645
1163,isack_orozco99,0.20000000298023224
1164,itarianmicky,0.0
1165,its_sayan01,0.10000000149011612
1166,itswasif20,0.4000000059604645
1167,itzel_rp31,0.0
1168,iurchyk777,0.4000000059604645
1169,iury_vibe,0.20000000298023224
1170,ivaniuxxx,0.20000000298023224
1171,ivanjay205,-0.10000000149011612
1172,ivanovic,0.0
1173,ixpl0re,0.30000001192092896
1174,izzy81509332,-0.4000000059604645
1175,jacho_man,0.4000000059604645
1176,jangranitincr7,0.30000001192092896
1177,jashehonfroy666,0.20000000298023224
1178,jastinbrent,-0.800000011920929
1179,javieroswaldopc,0.0
1180,jdf005,-0.10000000149011612
1181,jennstargoddess,0.20000000298023224
1182,jeremyvigilante,0.30000001192092896
1183,jesusvaz13,0.20000000298023224
1184,jhchai80,0.10000000149011612
1185,jiaowodingdaren,-0.30000001192092896
1186,jignesh455,0.0
1187,jonathanmurrell,-0.30000001192092896
1188,jorgearmandohr,0.6000000238418579
1189,jorgeayalag27,0.20000000298023224
1190,jorgeburgueno,0.10000000149011612
1191,joselin84,0.10000000149011612
1192,jouejati_bilal,0.10000000149011612
1193,jovxnnivllgs,0.20000000298023224
1194,js_realworld,0.20000000298023224
1195,jsullivan2015,0.20000000298023224
1196,juank_22000,0.5
1197,juanpamtzj_,0.0
1198,jungalex2,-0.20000000298023224
1199,jus_sarcastic,0.10000000149011612
1200,justjohn8511,-0.4000000059604645
1201,justlikeares,-0.10000000149011612
1202,jynim555,0.30000001192092896
1203,k_khidde,-0.20000000298023224
1204,kabeerqadir786,0.30000001192092896
1205,kaciots,0.0
1206,kafamiznslgzl,0.10000000149011612
1207,kamil_wie,0.30000001192092896
1208,kanii_03,0.0
1209,kapiljhajhari14,-0.800000011920929
1210,karayazma12,-0.10000000149011612
1211,karimaziz12_,-0.5
1212,karlstoll1,-0.20000000298023224
1213,kartikaybhat_,-0.10000000149011612
1214,kartikkhanna_16,-0.6000000238418579
1215,kashmirkhan44,-0.20000000298023224
1216,kathy_vra_,0.0
1217,kay_vibey,-0.8999999761581421
1218,kaylev14,0.10000000149011612
1219,kayovaz_,0.30000001192092896
1220,kcmaki_ttgan,0.10000000149011612
1221,kconfere,
1222,kcrutch328,0.20000000298023224
1223,kenkung8964,0.0
1224,kennyS_____,0.4000000059604645
1225,khaled11356,-0.20000000298023224
1226,khemSieu,0.10000000149011612
1227,khwanhathai_93,0.30000001192092896
1228,kirn0709,0.699999988079071
1229,kitty_kwong,0.20000000298023224
1230,kkkkonglq1999,0.30000001192092896
1231,knp_ray,0.20000000298023224
1232,kobe2444145,0.20000000298023224
1233,kqu3lqj8AEiZLID,0.20000000298023224
1234,krpalekondrej_,0.30000001192092896
1235,krtshtc97,-0.4000000059604645
1236,kuvacovak,0.5
1237,kyoasu2,0.10000000149011612
1238,l20leonard,0.0
1239,l3P9uEffWYsZcIf,0.0
1240,l_pyrotechnic,0.20000000298023224
1241,labaguna,-0.20000000298023224
1242,lauta_ruizd,0.10000000149011612
1243,lbmj4,0.0
1244,lcsorvasi,-0.4000000059604645
1245,leang_kem,-0.30000001192092896
1246,leewayneh1,-0.10000000149011612
1247,lenidca01,0.4000000059604645
1248,leo_EE2000,0.30000001192092896
1249,leo_chinho,0.10000000149011612
1250,leobrochado,0.30000001192092896
1251,leowong16362194,-0.800000011920929
1252,lexniskey,0.0
1253,liambarry__,0.4000000059604645
1254,liatamir1,0.4000000059604645
1255,lincolnbazan,0.30000001192092896
1256,little_blueboyy,0.0
1257,lixieleepookie,0.30000001192092896
1258,lleemile,0.10000000149011612
1259,lolsir8,0.30000001192092896
1260,lorenahincapie,0.20000000298023224
1261,lp3341,0.6000000238418579
1262,lualcruz,0.10000000149011612
1263,luiferpl,0.0
1264,luis_jacome93,0.0
1265,luke701209,-0.800000011920929
1266,lulup_62,0.10000000149011612
1267,luti_hs,0.20000000298023224
1268,lux56006935,0.0
1269,lxy24950847,0.0
1270,lynnjm7,0.6000000238418579
1271,lynyrdsdev,0.0
1272,m0nkey_D_LUFFY1,0.30000001192092896
1273,m_remiu20,0.0
1274,mac1point0,-0.20000000298023224
1275,macjef21,
1276,macpille,0.6000000238418579
1277,magneaus,-0.10000000149011612
1278,mahsanomerjaide,-0.800000011920929
1279,maithesita,0.30000001192092896
1280,majoul_rayen,-0.20000000298023224
1281,maliksh54304249,0.4000000059604645
1282,mammanknt,0.4000000059604645
1283,manasmn,0.30000001192092896
1284,manisahukar96,0.10000000149011612
1285,mannyem97,0.10000000149011612
1286,manojrana5775,0.30000001192092896
1287,mansoortk,0.30000001192092896
1288,maoo17,-0.6000000238418579
1289,marcelgdp,0.5
1290,marieli73226495,0.4000000059604645
1291,marihyss,0.30000001192092896
1292,marim38000851,0.20000000298023224
1293,markstockwell60,0.20000000298023224
1294,marta_reis1,0.20000000298023224
1295,masakigrain718,0.0
1296,matthew_brenden,0.10000000149011612
1297,mattk3lvin,-0.10000000149011612
1298,mcdeniomili,-0.5
1299,mdevroot,0.10000000149011612
1300,meb4two,0.0
1301,mehmetaras2112,0.0
1302,mehradpanky,0.30000001192092896
1303,memratte,0.20000000298023224
1304,mendez_kennethe,0.10000000149011612
1305,mershsrh,
1306,mh_2411,-0.5
1307,mi_9ja,0.0
1308,midoahmed214,0.30000001192092896
1309,miguelspina,0.20000000298023224
1310,miguelzinhoo__,0.20000000298023224
1311,mihirmahajan27,-0.30000001192092896
1312,mikeymoet,-0.10000000149011612
1313,mineharukung,0.20000000298023224
1314,mis_129,0.0
1315,mixalisgames10,0.0
1316,mjbruder,0.10000000149011612
1317,mkmehtab27,0.30000001192092896
1318,mockingjay1907,0.0
1319,moezesh,0.30000001192092896
1320,mohamadawawdy,0.30000001192092896
1321,mohanck94,-0.10000000149011612
1322,mohibur_sabbir,-0.30000001192092896
1323,moicortez69,-0.5
1324,monacious007,-0.6000000238418579
1325,monica32788256,-0.20000000298023224
1326,monillo311,0.0
1327,mppfav,0.10000000149011612
1328,mr___zx__,-0.10000000149011612
1329,mrapcustoms,0.6000000238418579
1330,mraridugmailco1,-0.20000000298023224
1331,mrgspb,0.699999988079071
1332,mrlarishin,0.20000000298023224
1333,mrtech00101110,0.10000000149011612
1334,ms85558555,0.0
1335,msopjulia,0.0
1336,muskytp2,0.30000001192092896
1337,mustafaegilmez3,0.0
1338,mutaawejonkan,-0.30000001192092896
1339,mvcky_,0.10000000149011612
1340,mwango_noel,-0.10000000149011612
1341,mxstifq,0.4000000059604645
1342,n0s3game,0.10000000149011612
1343,n_mecury,-0.30000001192092896
1344,nabianhaiyou1,0.10000000149011612
1345,nagayu__,0.30000001192092896
1346,nakatapclife,0.30000001192092896
1347,nameisa_ABHAY,0.10000000149011612
1348,nataliechik920,0.8999999761581421
1349,nationeye,0.0
1350,naveen_baggi,-0.10000000149011612
1351,nawab2590,0.30000001192092896
1352,nazim__shahad_,-0.10000000149011612
1353,nbc2850,0.10000000149011612
1354,ndyakanoff,
1355,neel2426,0.5
1356,nerddevboy13,0.10000000149011612
1357,newlyholmes,-0.4000000059604645
1358,newsonlyyyy,-0.10000000149011612
1359,nia_ak0711,0.20000000298023224
1360,nidhibajaj07,0.20000000298023224
1361,nilesh_tiwari24,-0.5
1362,nishantshah817,0.30000001192092896
1363,nmDYNZBxkZNR5d0,0.30000001192092896
1364,no9cri,0.20000000298023224
1365,noahwerkelin,0.0
1366,noone291997,0.10000000149011612
1367,notty_staff,0.0
1368,ntwana_sash,-0.10000000149011612
1369,nuanqipianzi,0.0
1370,nunek0695,0.10000000149011612
1371,nytion,-0.10000000149011612
1372,obra_digital,0.4000000059604645
1373,octopus_eng,0.20000000298023224
1374,ohmyessk8,0.30000001192092896
1375,omon_san,-0.4000000059604645
1376,ompawarsrk,0.10000000149011612
1377,onyebekemedia,-0.10000000149011612
1378,pEDO0ouMcfBdhy9,0.20000000298023224
1379,paltonplex,0.10000000149011612
1380,pankajbhaibaria,0.699999988079071
1381,pappy_dinero,0.0
1382,pas_20001,-0.10000000149011612
1383,pattonii10,0.4000000059604645
1384,patyaguilera,0.20000000298023224
1385,paul66974054,0.0
1386,paulpinkuu,0.0
1387,perezz_melinaa,0.0
1388,phatchy_p,0.20000000298023224
1389,phil_ezra,-0.10000000149011612
1390,platjames,
1391,podblast33,-0.20000000298023224
1392,pongpak2010,0.20000000298023224
1393,popeye_1070,0.30000001192092896
1394,powernftt,0.0
1395,priyan_sugeeth,0.0
1396,ps_erikar,0.10000000149011612
1397,pstamatiadis,0.20000000298023224
1398,purosupi_fam,0.10000000149011612
1399,qqqmakk,0.20000000298023224
1400,questleadpastor,0.20000000298023224
1401,qvIQR7Rbegop3I4,0.30000001192092896
1402,qxc222,-0.4000000059604645
1403,raYmondStjoNes,-0.20000000298023224
1404,rafa1211,0.30000001192092896
1405,rafal_perz,0.20000000298023224
1406,rageside24,0.10000000149011612
1407,rahulagg7,0.10000000149011612
1408,rajeshkb_tech,0.20000000298023224
1409,rajput_vinit143,0.0
1410,ram_tangula,0.10000000149011612
1411,rasal_harish,0.20000000298023224
1412,raulinver,0.5
1413,raynivea,0.20000000298023224
1414,rdvanKUDDAR,0.0
1415,readdustin,0.20000000298023224
1416,realalfern,0.5
1417,realsantagada,0.0
1418,realshub69,-0.4000000059604645
1419,realvikoo,0.10000000149011612
1420,realzachdillon,-0.10000000149011612
1421,reddezi,-0.10000000149011612
1422,redondob69,0.0
1423,rejoycemax,0.0
1424,rhaiven,0.0
1425,riccoramseur,0.10000000149011612
1426,rice_qi,0.10000000149011612
1427,ritciebobby,0.30000001192092896
1428,riverar76,0.4000000059604645
1429,robduddy,0.0
1430,robertdaatos,0.4000000059604645
1431,roeXQKKJbgLLdKg,0.30000001192092896
1432,rohitsonigitian,0.0
1433,ronpoole2001,0.20000000298023224
1434,rortunocab,0.0
1435,rui_von_couto,-0.5
1436,ryannoltemeyer,-0.699999988079071
1437,s9_quiroz,-0.5
1438,sahilll_23,-0.30000001192092896
1439,saizotic,0.30000001192092896
1440,sakuraop1077,0.30000001192092896
1441,salaheddinagri_,0.699999988079071
1442,saldinz,0.30000001192092896
1443,sale_y7,0.30000001192092896
1444,saliox1,0.30000001192092896
1445,sameerk21687529,0.10000000149011612
1446,samiwazir,0.0
1447,sanea_alex,0.30000001192092896
1448,sanjaychawla27,0.8999999761581421
1449,sarah_gallup2,0.0
1450,satch98729948,0.10000000149011612
1451,satouseinan,-0.20000000298023224
1452,savagehrma,-0.800000011920929
1453,sawantshubham6,0.699999988079071
1454,saxtosa,0.30000001192092896
1455,scottzhu530,0.20000000298023224
1456,scribzilla,0.0
1457,sebapereira12,0.20000000298023224
1458,serchdo,0.30000001192092896
1459,sgdiazg,0.10000000149011612
1460,shaheer_zaidi,-0.10000000149011612
1461,shahmeer55,0.10000000149011612
1462,shakib_02,-0.5
1463,shauryanayak,-0.30000001192092896
1464,shilinguo,0.0
1465,shuangmendongm1,0.30000001192092896
1466,sibpalll,
1467,sid_aslekar,-0.10000000149011612
1468,sidelinebeats,0.0
1469,sign_coral,0.0
1470,silwal_sulabh,0.0
1471,siosoto_app,0.30000001192092896
1472,sjd35714240,0.30000001192092896
1473,sjj_solutions,0.20000000298023224
1474,skyn_sex,-0.10000000149011612
1475,smeten38,0.0
1476,sofyanalma2,0.0
1477,soniialang,0.20000000298023224
1478,sonisachin2411,-0.4000000059604645
1479,soumya300845744,0.8999999761581421
1480,souravdas_sona,0.5
1481,sourinc4,-0.30000001192092896
1482,spacex_rid,0.30000001192092896
1483,spfcmagrinn,-0.20000000298023224
1484,spottynba12,-0.30000001192092896
1485,sridevithavase7,0.20000000298023224
1486,ssamrat_b,0.30000001192092896
1487,stacksspamv_,0.0
1488,staxitall,-0.20000000298023224
1489,stephanthomas23,-0.20000000298023224
1490,stiglu78,0.30000001192092896
1491,subodh_admane,0.20000000298023224
1492,sudeep_lingan,0.0
1493,sufyansuri571,-0.800000011920929
1494,sugadee86,-0.20000000298023224
1495,superjzzzz,0.8999999761581421
1496,suzy65604248,0.6000000238418579
1497,t_______07o1,0.10000000149011612
1498,taichi061311,0.0
1499,taikotomoya0412,0.10000000149011612
1500,tangieren,0.0
1501,taniamedina71,0.30000001192092896
1502,tanjiroo184,0.30000001192092896
1503,tayfunzeki,0.10000000149011612
1504,tchap21,-0.20000000298023224
1505,te_natta42,0.10000000149011612
1506,techscusemeoffl,0.30000001192092896
1507,tedi_ant,0.30000001192092896
1508,teheca_app,0.20000000298023224
1509,teng2080,0.30000001192092896
1510,teoj_0428,0.30000001192092896
1511,termibrator_bbq,0.6000000238418579
1512,tevvy1974,0.8999999761581421
1513,tghgkk1,0.8999999761581421
1514,the_anta9on1st,-0.20000000298023224
1515,thematin_,-0.30000001192092896
1516,thi_lxm,0.20000000298023224
1517,thiagooliverflu,0.0
1518,thutaoo1313,0.0
1519,tigranendinyan,-0.800000011920929
1520,till_frd,0.30000001192092896
1521,tml06231986,0.0
1522,toledovendrell,0.30000001192092896
1523,toloncho22,0.10000000149011612
1524,tomasesapellido,0.0
1525,toyyibolawale4,0.699999988079071
1526,tribunadephb,0.10000000149011612
1527,tswapnil976,0.30000001192092896
1528,tuanedakidd,-0.800000011920929
1529,tusharmun7,0.0
1530,tylerbetz_dr,0.30000001192092896
1531,ueryer,0.4000000059604645
1532,ulisesmillan_1,0.10000000149011612
1533,urstrulyashu1,0.20000000298023224
1534,userhenzo,0.0
1535,v_karpiv,0.699999988079071
1536,valroma,0.20000000298023224
1537,vantephoria_twt,0.0
1538,varadvatharkar,-0.10000000149011612
1539,varmaanil306,0.10000000149011612
1540,varun0512,0.10000000149011612
1541,venueflexdesign,0.5
1542,vicky33450,0.6000000238418579
1543,vikashp06488863,0.0
1544,vinitcontact,0.20000000298023224
1545,vinods1010,-0.20000000298023224
1546,vishalzinder17,-0.4000000059604645
1547,vishmaypatel1,-0.10000000149011612
1548,vpmanivellore,0.800000011920929
1549,vu2tr,0.30000001192092896
1550,waikikiguru,-0.20000000298023224
1551,wangyao57765234,0.30000001192092896
1552,wannapa_jeab,0.20000000298023224
1553,wasiur0,0.0
1554,webadent_net,0.4000000059604645
1555,weeswolf,0.0
1556,who_is_zaidL,0.20000000298023224
1557,whoareu1234569,0.0
1558,wildip700,0.0
1559,with1689,0.10000000149011612
1560,wz3399,0.30000001192092896
1561,xevin1008,-0.10000000149011612
1562,xina_uiui,0.0
1563,xleonx891,0.0
1564,xsurge4400,0.5
1565,yGcbyx222C8pP7B,0.0
1566,yangzongyue2,0.30000001192092896
1567,yashwantsenani2,0.10000000149011612
1568,yemen23144,0.10000000149011612
1569,yeshuazz,0.0
1570,ymoin3,0.30000001192092896
1571,ynwakoppite,-0.10000000149011612
1572,yqhshaq,0.20000000298023224
1573,yqxeno,0.8999999761581421
1574,ysf_dmrx21,0.30000001192092896
1575,yy83179316,0.30000001192092896
1576,zandre_bester,0.30000001192092896
1577,zelloufi4,-0.4000000059604645
1578,zuberSayyad15,0.30000001192092896
1579,zunjing_li,0.0
1580,zxSqrEovIsOfHSx,-0.20000000298023224
